{
  "q90": 923.9412486743403,
  "q95": 1353.3679220471156,
  "q80": 564.5193613179729,
  "mean_residual": 380.8997525437435,
  "std_residual": 578.4242622145835
}